{"files":["altamodashoes.com_wpvivid-65e58a410f22d_2024-03-04-08-45_backup_db.sql"],"tables":[{"name":"wphl_cartflows_ca_email_templates","size":16384,"rows":"3"},{"name":"wphl_cky_cookies","size":16384,"rows":"0"},{"name":"wphl_wc_category_lookup","size":16384,"rows":"5"},{"name":"wphl_wc_reserved_stock","size":16384,"rows":"0"},{"name":"wphl_woocommerce_shipping_zone_methods","size":16384,"rows":"0"},{"name":"wphl_woocommerce_shipping_zones","size":16384,"rows":"0"},{"name":"wphl_wpforms_logs","size":16384,"rows":"0"},{"name":"wphl_wpforms_tasks_meta","size":16384,"rows":"11"},{"name":"wphl_actionscheduler_claims","size":32768,"rows":"0"},{"name":"wphl_actionscheduler_groups","size":32768,"rows":"3"},{"name":"wphl_cartflows_ca_cart_abandonment","size":32768,"rows":"1"},{"name":"wphl_cartflows_ca_email_templates_meta","size":32768,"rows":"18"},{"name":"wphl_ce4wp_contacts","size":32768,"rows":"0"},{"name":"wphl_cky_cookie_categories","size":32768,"rows":"5"},{"name":"wphl_e_events","size":32768,"rows":"0"},{"name":"wphl_links","size":32768,"rows":"0"},{"name":"wphl_term_relationships","size":32768,"rows":"292"},{"name":"wphl_trp_gettext_original_meta","size":32768,"rows":"0"},{"name":"wphl_wc_product_attributes_lookup","size":32768,"rows":"133"},{"name":"wphl_wc_product_download_directories","size":32768,"rows":"2"},{"name":"wphl_wc_rate_limits","size":32768,"rows":"0"},{"name":"wphl_wc_tax_rate_classes","size":32768,"rows":"2"},{"name":"wphl_wc_webhooks","size":32768,"rows":"0"},{"name":"wphl_woocommerce_attribute_taxonomies","size":32768,"rows":"2"},{"name":"wphl_woocommerce_log","size":32768,"rows":"0"},{"name":"wphl_woocommerce_order_items","size":32768,"rows":"0"},{"name":"wphl_woocommerce_payment_tokens","size":32768,"rows":"0"},{"name":"wphl_woocommerce_sessions","size":32768,"rows":"2"},{"name":"wphl_yoast_migrations","size":32768,"rows":"23"},{"name":"wphl_yoast_seo_links","size":32768,"rows":"0"},{"name":"wphl_cartflows_ca_email_history","size":49152,"rows":"0"},{"name":"wphl_cky_banners","size":49152,"rows":"2"},{"name":"wphl_commentmeta","size":49152,"rows":"0"},{"name":"wphl_term_taxonomy","size":49152,"rows":"67"},{"name":"wphl_termmeta","size":49152,"rows":"72"},{"name":"wphl_terms","size":49152,"rows":"69"},{"name":"wphl_usermeta","size":49152,"rows":"54"},{"name":"wphl_wc_customer_lookup","size":49152,"rows":"0"},{"name":"wphl_wc_download_log","size":49152,"rows":"0"},{"name":"wphl_wc_order_coupon_lookup","size":49152,"rows":"0"},{"name":"wphl_wc_order_tax_lookup","size":49152,"rows":"0"},{"name":"wphl_woocommerce_api_keys","size":49152,"rows":"0"},{"name":"wphl_woocommerce_order_itemmeta","size":49152,"rows":"0"},{"name":"wphl_woocommerce_payment_tokenmeta","size":49152,"rows":"0"},{"name":"wphl_woocommerce_shipping_zone_locations","size":49152,"rows":"1"},{"name":"wphl_woocommerce_tax_rate_locations","size":49152,"rows":"0"},{"name":"wphl_yoast_primary_term","size":49152,"rows":"0"},{"name":"wphl_trp_original_meta","size":65536,"rows":"281"},{"name":"wphl_users","size":65536,"rows":"0"},{"name":"wphl_wc_admin_notes","size":65536,"rows":"57"},{"name":"wphl_wc_order_stats","size":65536,"rows":"0"},{"name":"wphl_wpforms_payment_meta","size":65536,"rows":"0"},{"name":"wphl_yoast_indexable_hierarchy","size":65536,"rows":"4"},{"name":"wphl_wc_admin_note_actions","size":81920,"rows":"162"},{"name":"wphl_wc_order_product_lookup","size":81920,"rows":"0"},{"name":"wphl_woocommerce_downloadable_product_permissions","size":81920,"rows":"0"},{"name":"wphl_woocommerce_tax_rates","size":81920,"rows":"0"},{"name":"wphl_comments","size":114688,"rows":"1"},{"name":"wphl_trp_original_strings","size":114688,"rows":"653"},{"name":"wphl_wc_product_meta_lookup","size":114688,"rows":"86"},{"name":"wphl_yoast_indexable","size":114688,"rows":"9"},{"name":"wphl_trp_dictionary_en_us_bg_bg","size":163840,"rows":"653"},{"name":"wphl_wpforms_payments","size":163840,"rows":"0"},{"name":"wphl_wpml_mails","size":180224,"rows":"9"},{"name":"wphl_actionscheduler_logs","size":229376,"rows":"1230"},{"name":"wphl_actionscheduler_actions","size":245760,"rows":"175"},{"name":"wphl_trp_gettext_en_us","size":589824,"rows":"2886"},{"name":"wphl_trp_gettext_original_strings","size":753664,"rows":"4761"},{"name":"wphl_trp_gettext_bg_bg","size":2113536,"rows":"4738"},{"name":"wphl_posts","size":3620864,"rows":"426"},{"name":"wphl_options","size":9551872,"rows":"841"},{"name":"wphl_postmeta","size":15269888,"rows":"3496"}],"dump_db":1,"file_type":"databases","home_url":"https:\/\/altamodashoes.com","root_flag":"custom","php_version":"8.2.16","mysql_version":"5.7.23","wp_version":"6.4.3","find_zero_date":1,"file":"altamodashoes.com_wpvivid-65e58a410f22d_2024-03-04-08-45_backup_db.part001.zip"}